FRAME,INDEX,TYPE,CFLVL
10,1,car,0.9086748361587524
17,2,car,0.5479816198348999
