FRAME,INDEX,TYPE,CFLVL
38,9,car,0.828962504863739
52,39,bike,0.8919792175292969
56,4,car,0.8449269533157349
106,32,car,0.7587640285491943
108,40,truck,0.6587640285491943
120,45,truck,0.9087640285491943
