FRAME,INDEX,TYPE,CFLVL
9,2,car,0.6261587142944336
9,1,car,0.9805381894111633
