FRAME,INDEX,TYPE,CFLVL
11,1,car,0.8918861150741577
19,2,car,0.8395079374313354
47,3,car,0.8089193105697632
53,4,motorbike,0.8404582142829895
71,5,car,0.8386844992637634
90,22,car,0.9143299460411072
