FRAME,INDEX,TYPE,CFLVL
12,1,car,0.8644120693206787
23,2,car,0.9087432026863098
49,3,car,0.898568332195282
55,4,car,0.9178828597068787
72,5,car,0.8424521088600159
95,22,car,0.785544753074646
96,54,car,0.5503630042076111
131,17,car,0.9092955589294434
149,12,car,0.6127715110778809
